ID,Item (filename),Book / collection,Path in corpus.zip,Format,Size (KB),Rights-holder,License,Rights status,Chunk-ready?,Chunk note,Notes
INV-001,BOOK3_COMPLETE_OUTLINE_V2.md,Book 3 (outline),corpus/INW/BOOK3_COMPLETE_OUTLINE_V2.md,MD,58.6,FFP,none,Owner,Yes,Text — chunk directly,
INV-002,BOOK4_OUTLINE_V2.md,Book 4 (outline),corpus/INW/BOOK4_OUTLINE_V2.md,MD,43.1,FFP,none,Owner,Yes,Text — chunk directly,
INV-003,ch01_v5.1.md,Book 1 (chapters),corpus/INW/book1/ch01_v5.1.md,MD,42.1,FFP,none,Owner,Yes,Text — chunk directly,
INV-004,ch02_v5.1.md,Book 1 (chapters),corpus/INW/book1/ch02_v5.1.md,MD,56.8,FFP,none,Owner,Yes,Text — chunk directly,
INV-005,ch03_v5.1.md,Book 1 (chapters),corpus/INW/book1/ch03_v5.1.md,MD,46.7,FFP,none,Owner,Yes,Text — chunk directly,
INV-006,ch04_v5.1.md,Book 1 (chapters),corpus/INW/book1/ch04_v5.1.md,MD,64.5,FFP,none,Owner,Yes,Text — chunk directly,
INV-007,ch05_v5.1.md,Book 1 (chapters),corpus/INW/book1/ch05_v5.1.md,MD,46,FFP,none,Owner,Yes,Text — chunk directly,
INV-008,ch06_v5.1.md,Book 1 (chapters),corpus/INW/book1/ch06_v5.1.md,MD,52.7,FFP,none,Owner,Yes,Text — chunk directly,
INV-009,ch07_v5.1.md,Book 1 (chapters),corpus/INW/book1/ch07_v5.1.md,MD,35.8,FFP,none,Owner,Yes,Text — chunk directly,
INV-010,ch08_v5.1.md,Book 1 (chapters),corpus/INW/book1/ch08_v5.1.md,MD,35.9,FFP,none,Owner,Yes,Text — chunk directly,
INV-011,ch09_v5.1.md,Book 1 (chapters),corpus/INW/book1/ch09_v5.1.md,MD,36.8,FFP,none,Owner,Yes,Text — chunk directly,
INV-012,ch10_v5.1.md,Book 1 (chapters),corpus/INW/book1/ch10_v5.1.md,MD,32.6,FFP,none,Owner,Yes,Text — chunk directly,
INV-013,ch11_v5.1.md,Book 1 (chapters),corpus/INW/book1/ch11_v5.1.md,MD,48.4,FFP,none,Owner,Yes,Text — chunk directly,
INV-014,ch12_v5.1.md,Book 1 (chapters),corpus/INW/book1/ch12_v5.1.md,MD,41,FFP,none,Owner,Yes,Text — chunk directly,
INV-015,explore_online_v5.1.md,Book 1 (chapters),corpus/INW/book1/explore_online_v5.1.md,MD,1.5,FFP,none,Owner,Yes,Text — chunk directly,Short 'explore online' appendix (1.5 KB)
INV-016,ch01_v3.5.md,Book 2 (chapters),corpus/INW/book2/ch01_v3.5.md,MD,21.3,FFP,none,Owner,Yes,Text — chunk directly,
INV-017,ch02_v3.5.md,Book 2 (chapters),corpus/INW/book2/ch02_v3.5.md,MD,20.3,FFP,none,Owner,Yes,Text — chunk directly,
INV-018,ch03_v3.5.md,Book 2 (chapters),corpus/INW/book2/ch03_v3.5.md,MD,22.6,FFP,none,Owner,Yes,Text — chunk directly,
INV-019,ch04_v3.5.md,Book 2 (chapters),corpus/INW/book2/ch04_v3.5.md,MD,25.2,FFP,none,Owner,Yes,Text — chunk directly,
INV-020,ch06_v3.5.md,Book 2 (chapters),corpus/INW/book2/ch06_v3.5.md,MD,18.1,FFP,none,Owner,Yes,Text — chunk directly,
INV-021,ch07_v3.5.md,Book 2 (chapters),corpus/INW/book2/ch07_v3.5.md,MD,15.1,FFP,none,Owner,Yes,Text — chunk directly,
INV-022,ch09_v3.5.md,Book 2 (chapters),corpus/INW/book2/ch09_v3.5.md,MD,15.6,FFP,none,Owner,Yes,Text — chunk directly,
INV-023,ch10_v3.5.md,Book 2 (chapters),corpus/INW/book2/ch10_v3.5.md,MD,15.2,FFP,none,Owner,Yes,Text — chunk directly,
INV-024,ch11_v3.5.md,Book 2 (chapters),corpus/INW/book2/ch11_v3.5.md,MD,13,FFP,none,Owner,Yes,Text — chunk directly,
INV-025,ch12_v3.5.md,Book 2 (chapters),corpus/INW/book2/ch12_v3.5.md,MD,17.1,FFP,none,Owner,Yes,Text — chunk directly,
INV-026,ch13_v3.5.md,Book 2 (chapters),corpus/INW/book2/ch13_v3.5.md,MD,19,FFP,none,Owner,Yes,Text — chunk directly,
INV-027,ch14_v3.5.md,Book 2 (chapters),corpus/INW/book2/ch14_v3.5.md,MD,21.4,FFP,none,Owner,Yes,Text — chunk directly,
INV-028,GUARDIANS_OF_NATURAL_TRUTH.pdf,Sankhya pack,corpus/Sankhya/GUARDIANS_OF_NATURAL_TRUTH.pdf,PDF,292.5,FFP,none,Owner,No — convert first,PDF → extract text/markdown before chunking,
INV-029,SANKHYA_SCIENCE_REFERENCE_GUIDE_v2.4.pdf,Sankhya pack,corpus/Sankhya/SANKHYA_SCIENCE_REFERENCE_GUIDE_v2.4.pdf,PDF,236.6,FFP,none,Owner,No — convert first,PDF → extract text/markdown before chunking,
INV-030,Secret_Of_Sankhya_Part_2.pdf,Sankhya pack,corpus/Sankhya/Secret_Of_Sankhya_Part_2.pdf,PDF,2000,Srinivasan,none,Public,No — convert first,PDF → extract text/markdown before chunking,One of the two 'Secret of Sankhya' texts
INV-031,SecretofSankhyaAcmeofAxiomaticUnification download 20210421.pdf,Sankhya pack,corpus/Sankhya/SecretofSankhyaAcmeofAxiomaticUnification download 20210421.pdf,PDF,2192.7,Srinivasan,none,Public,No — convert first,PDF → extract text/markdown before chunking,One of the two 'Secret of Sankhya' texts; filename hints it was downloaded from a URL — verify original provenance/license
INV-032,sankhya_modern_physics_bridge_v2.8.pdf,Sankhya pack,corpus/Sankhya/sankhya_modern_physics_bridge_v2.8.pdf,PDF,779.3,FFP,none,Owner,No — convert first,PDF → extract text/markdown before chunking,
INV-033,discoveryzone.html,Discovery Zone,corpus/discovery-zone/discoveryzone.html,HTML,66.3,FFP,none,Owner,Partial,"Extract readable text, then chunk",
INV-034,natures_calc_collection-dev-v2.html,Discovery Zone,corpus/discovery-zone/natures_calc_collection-dev-v2.html,HTML,658.6,FFP,none,Owner,Partial,"Extract readable text, then chunk",
INV-035,pendulum_lab_collection.html,Discovery Zone,corpus/discovery-zone/pendulum_lab_collection.html,HTML,449.9,FFP,none,Owner,Partial,"Extract readable text, then chunk",
INV-036,sims-data.js,Discovery Zone,corpus/discovery-zone/sims-data.js,JS,68.2,FFP,none,Owner,No,Script/data file — reference only,
INV-037,thinking_lab_collection.html,Discovery Zone,corpus/discovery-zone/thinking_lab_collection.html,HTML,44.9,FFP,none,Owner,Partial,"Extract readable text, then chunk",
INV-038,waves_lab_collection.html,Discovery Zone,corpus/discovery-zone/waves_lab_collection.html,HTML,155.5,FFP,none,Owner,Partial,"Extract readable text, then chunk",
INV-039,ch05_v3.5.md,Book 2 (chapters),corpus/inw/book2/ch05_v3.5.md,MD,21.5,FFP,none,Owner,Yes,Text — chunk directly,"NOT in uploaded corpus.zip — added 2026-09-18; verify provenance before public release",
INV-040,ch08_v3.5.md,Book 2 (chapters),corpus/inw/book2/ch08_v3.5.md,MD,23.4,FFP,none,Owner,Yes,Text — chunk directly,"NOT in uploaded corpus.zip — added 2026-09-18; verify provenance before public release",
